-- phpMyAdmin SQL Dump
-- version 4.9.5deb2
-- https://www.phpmyadmin.net/
--
-- Hôte : localhost:3306
-- Généré le : sam. 02 juil. 2022 à 10:01
-- Version du serveur :  8.0.29-0ubuntu0.20.04.3
-- Version de PHP : 7.4.3

SET SQL_MODE = "NO_AUTO_VALUE_ON_ZERO";
SET AUTOCOMMIT = 0;
START TRANSACTION;
SET time_zone = "+00:00";


/*!40101 SET @OLD_CHARACTER_SET_CLIENT=@@CHARACTER_SET_CLIENT */;
/*!40101 SET @OLD_CHARACTER_SET_RESULTS=@@CHARACTER_SET_RESULTS */;
/*!40101 SET @OLD_COLLATION_CONNECTION=@@COLLATION_CONNECTION */;
/*!40101 SET NAMES utf8mb4 */;

--
-- Base de données : `toits`
--

-- --------------------------------------------------------

--
-- Structure de la table `article`
--

CREATE TABLE `article` (
  `id` int NOT NULL,
  `titre` varchar(255) COLLATE utf8mb4_unicode_ci NOT NULL,
  `contenu` longtext COLLATE utf8mb4_unicode_ci NOT NULL,
  `date_publication` date NOT NULL,
  `image` varchar(255) COLLATE utf8mb4_unicode_ci DEFAULT NULL,
  `user_id` int NOT NULL,
  `slug` varchar(255) COLLATE utf8mb4_unicode_ci NOT NULL
) ENGINE=InnoDB DEFAULT CHARSET=utf8mb4 COLLATE=utf8mb4_unicode_ci;

--
-- Déchargement des données de la table `article`
--

INSERT INTO `article` (`id`, `titre`, `contenu`, `date_publication`, `image`, `user_id`, `slug`) VALUES
(1, 'Test', '<div>Le texte, contenu de l\'article via dasboard</div>', '2022-05-15', 'JMeriseLogoPetit.png', 1, 'test'),
(2, 'hyju', '<div>ikliliulilyukèyjytj</div>', '2022-05-16', 'Capture d’écran de 2022-01-06 13-39-05.png', 1, 'hyju'),
(3, 'klkj', '<div>kikhkjlj</div>', '2022-06-14', 'Capture d’écran de 2022-01-03 11-16-59.png', 1, 'klkj');

-- --------------------------------------------------------

--
-- Structure de la table `article_categorie`
--

CREATE TABLE `article_categorie` (
  `article_id` int NOT NULL,
  `categorie_id` int NOT NULL
) ENGINE=InnoDB DEFAULT CHARSET=utf8mb4 COLLATE=utf8mb4_unicode_ci;

--
-- Déchargement des données de la table `article_categorie`
--

INSERT INTO `article_categorie` (`article_id`, `categorie_id`) VALUES
(1, 1),
(1, 4),
(2, 4),
(3, 2),
(3, 7);

-- --------------------------------------------------------

--
-- Structure de la table `article_tag`
--

CREATE TABLE `article_tag` (
  `article_id` int NOT NULL,
  `tag_id` int NOT NULL
) ENGINE=InnoDB DEFAULT CHARSET=utf8mb4 COLLATE=utf8mb4_unicode_ci;

-- --------------------------------------------------------

--
-- Structure de la table `categorie`
--

CREATE TABLE `categorie` (
  `id` int NOT NULL,
  `nom` varchar(255) COLLATE utf8mb4_unicode_ci NOT NULL,
  `slug` varchar(255) COLLATE utf8mb4_unicode_ci NOT NULL
) ENGINE=InnoDB DEFAULT CHARSET=utf8mb4 COLLATE=utf8mb4_unicode_ci;

--
-- Déchargement des données de la table `categorie`
--

INSERT INTO `categorie` (`id`, `nom`, `slug`) VALUES
(1, 'Couverture', 'couverture'),
(2, 'Charpente', 'charpente'),
(3, 'Pose de fenêtre de toit', 'pose-de-fenetre-de-toit'),
(4, 'Nettoyage de toiture', 'nettoyage-de-toiture'),
(5, 'Isolation', 'isolation'),
(6, 'Bardage bois', 'bardage-bois'),
(7, 'Depannage', 'depannage'),
(8, 'Plancher bois', 'plancher-bois');

-- --------------------------------------------------------

--
-- Structure de la table `doctrine_migration_versions`
--

CREATE TABLE `doctrine_migration_versions` (
  `version` varchar(191) COLLATE utf8_unicode_ci NOT NULL,
  `executed_at` datetime DEFAULT NULL,
  `execution_time` int DEFAULT NULL
) ENGINE=InnoDB DEFAULT CHARSET=utf8mb3 COLLATE=utf8_unicode_ci;

--
-- Déchargement des données de la table `doctrine_migration_versions`
--

INSERT INTO `doctrine_migration_versions` (`version`, `executed_at`, `execution_time`) VALUES
('DoctrineMigrations\\Version20220430161111', '2022-04-30 18:14:38', 82),
('DoctrineMigrations\\Version20220502074316', '2022-05-02 10:05:33', 247),
('DoctrineMigrations\\Version20220502090009', '2022-05-02 11:00:58', 296),
('DoctrineMigrations\\Version20220503074516', '2022-05-03 09:45:53', 157),
('DoctrineMigrations\\Version20220515090149', '2022-05-15 11:02:55', 77);

-- --------------------------------------------------------

--
-- Structure de la table `messenger_messages`
--

CREATE TABLE `messenger_messages` (
  `id` bigint NOT NULL,
  `body` longtext COLLATE utf8mb4_unicode_ci NOT NULL,
  `headers` longtext COLLATE utf8mb4_unicode_ci NOT NULL,
  `queue_name` varchar(190) COLLATE utf8mb4_unicode_ci NOT NULL,
  `created_at` datetime NOT NULL,
  `available_at` datetime NOT NULL,
  `delivered_at` datetime DEFAULT NULL
) ENGINE=InnoDB DEFAULT CHARSET=utf8mb4 COLLATE=utf8mb4_unicode_ci;

-- --------------------------------------------------------

--
-- Structure de la table `tag`
--

CREATE TABLE `tag` (
  `id` int NOT NULL,
  `nom` varchar(255) COLLATE utf8mb4_unicode_ci NOT NULL
) ENGINE=InnoDB DEFAULT CHARSET=utf8mb4 COLLATE=utf8mb4_unicode_ci;

-- --------------------------------------------------------

--
-- Structure de la table `user`
--

CREATE TABLE `user` (
  `id` int NOT NULL,
  `email` varchar(180) COLLATE utf8mb4_unicode_ci NOT NULL,
  `roles` json NOT NULL,
  `password` varchar(255) COLLATE utf8mb4_unicode_ci NOT NULL
) ENGINE=InnoDB DEFAULT CHARSET=utf8mb4 COLLATE=utf8mb4_unicode_ci;

--
-- Déchargement des données de la table `user`
--

INSERT INTO `user` (`id`, `email`, `roles`, `password`) VALUES
(1, 'nicolas.piot@yahoo.fr', '[\"ROLE_ADMIN\"]', '$2y$13$i9zJkPgSxrYCZQDnqhyBsePiNNE9DoUZbpYMLts4pVcKBCCZpyYP.');

--
-- Index pour les tables déchargées
--

--
-- Index pour la table `article`
--
ALTER TABLE `article`
  ADD PRIMARY KEY (`id`),
  ADD KEY `IDX_23A0E66A76ED395` (`user_id`);

--
-- Index pour la table `article_categorie`
--
ALTER TABLE `article_categorie`
  ADD PRIMARY KEY (`article_id`,`categorie_id`),
  ADD KEY `IDX_934886107294869C` (`article_id`),
  ADD KEY `IDX_93488610BCF5E72D` (`categorie_id`);

--
-- Index pour la table `article_tag`
--
ALTER TABLE `article_tag`
  ADD PRIMARY KEY (`article_id`,`tag_id`),
  ADD KEY `IDX_919694F97294869C` (`article_id`),
  ADD KEY `IDX_919694F9BAD26311` (`tag_id`);

--
-- Index pour la table `categorie`
--
ALTER TABLE `categorie`
  ADD PRIMARY KEY (`id`);

--
-- Index pour la table `doctrine_migration_versions`
--
ALTER TABLE `doctrine_migration_versions`
  ADD PRIMARY KEY (`version`);

--
-- Index pour la table `messenger_messages`
--
ALTER TABLE `messenger_messages`
  ADD PRIMARY KEY (`id`),
  ADD KEY `IDX_75EA56E0FB7336F0` (`queue_name`),
  ADD KEY `IDX_75EA56E0E3BD61CE` (`available_at`),
  ADD KEY `IDX_75EA56E016BA31DB` (`delivered_at`);

--
-- Index pour la table `tag`
--
ALTER TABLE `tag`
  ADD PRIMARY KEY (`id`);

--
-- Index pour la table `user`
--
ALTER TABLE `user`
  ADD PRIMARY KEY (`id`),
  ADD UNIQUE KEY `UNIQ_8D93D649E7927C74` (`email`);

--
-- AUTO_INCREMENT pour les tables déchargées
--

--
-- AUTO_INCREMENT pour la table `article`
--
ALTER TABLE `article`
  MODIFY `id` int NOT NULL AUTO_INCREMENT, AUTO_INCREMENT=4;

--
-- AUTO_INCREMENT pour la table `categorie`
--
ALTER TABLE `categorie`
  MODIFY `id` int NOT NULL AUTO_INCREMENT, AUTO_INCREMENT=9;

--
-- AUTO_INCREMENT pour la table `messenger_messages`
--
ALTER TABLE `messenger_messages`
  MODIFY `id` bigint NOT NULL AUTO_INCREMENT;

--
-- AUTO_INCREMENT pour la table `tag`
--
ALTER TABLE `tag`
  MODIFY `id` int NOT NULL AUTO_INCREMENT;

--
-- AUTO_INCREMENT pour la table `user`
--
ALTER TABLE `user`
  MODIFY `id` int NOT NULL AUTO_INCREMENT, AUTO_INCREMENT=2;

--
-- Contraintes pour les tables déchargées
--

--
-- Contraintes pour la table `article`
--
ALTER TABLE `article`
  ADD CONSTRAINT `FK_23A0E66A76ED395` FOREIGN KEY (`user_id`) REFERENCES `user` (`id`);

--
-- Contraintes pour la table `article_categorie`
--
ALTER TABLE `article_categorie`
  ADD CONSTRAINT `FK_934886107294869C` FOREIGN KEY (`article_id`) REFERENCES `article` (`id`) ON DELETE CASCADE,
  ADD CONSTRAINT `FK_93488610BCF5E72D` FOREIGN KEY (`categorie_id`) REFERENCES `categorie` (`id`) ON DELETE CASCADE;

--
-- Contraintes pour la table `article_tag`
--
ALTER TABLE `article_tag`
  ADD CONSTRAINT `FK_919694F97294869C` FOREIGN KEY (`article_id`) REFERENCES `article` (`id`) ON DELETE CASCADE,
  ADD CONSTRAINT `FK_919694F9BAD26311` FOREIGN KEY (`tag_id`) REFERENCES `tag` (`id`) ON DELETE CASCADE;
COMMIT;

/*!40101 SET CHARACTER_SET_CLIENT=@OLD_CHARACTER_SET_CLIENT */;
/*!40101 SET CHARACTER_SET_RESULTS=@OLD_CHARACTER_SET_RESULTS */;
/*!40101 SET COLLATION_CONNECTION=@OLD_COLLATION_CONNECTION */;
